Target_URL,Generated_Dialogue,Sentiment,Outcome
https://www.lenovo.com,"SELLER: Hi Mr. Sharma, this is Alex from DeepData AI. I'm calling to see if you're currently exploring ways to optimize your data processing pipelines at Lenovo India. We've been seeing significant interest from other large hardware manufacturers.

BUYER: (Sighs) Alex, I appreciate the call, but honestly, we're not actively looking for new data solutions right now. Our current setup is… well, it's humming along.

SELLER: I understand. Many of our clients initially felt that way. However, DeepData AI is designed to go beyond just ""humming along."" We help companies like yours achieve a 30-40% reduction in processing times and significant cost savings on cloud infrastructure. Are you currently facing any specific bottlenecks with your data processing?

BUYER: Bottlenecks? Not really. We're actually locked into a rather comprehensive agreement with IBM for our data warehousing and analytics solutions. It's a multi-year commitment, and we're quite satisfied with their platform's capabilities.

SELLER: I see. IBM is certainly a strong player. While their platform offers robust solutions, DeepData AI specializes in the raw processing layer, often acting as an accelerator *on top of* existing infrastructure. Think of it as turbocharging what you already have, rather than a complete replacement. We can integrate seamlessly.

BUYER: Seamlessly is a word I hear a lot, Alex. The reality of integrating a new, deep-level data processing engine into our existing, heavily standardized IBM environment is far from simple. We'd be looking at significant integration costs and potential disruptions, which, frankly, we can't afford to explore given our current contractual obligations.

BUYER: So, to be clear, while your solution sounds interesting on paper, it's not something we can consider at this time. We're committed to IBM for the foreseeable future and won't be pursuing alternative data processing solutions. Thanks for your time.",Negative,Failure
https://www.acquia.com,"SELLER: Hi [CTO Name], this is Alex from DeepData AI. Hope I'm not catching you at a bad time. I'm calling because we work with companies like Acquia to help them unlock deeper insights from their customer data, and I thought it might be relevant to your focus on driving engagement and optimizing conversions.

BUYER: Alex, thanks for the call. Acquia. We *do* focus on those areas, but honestly, our plate is pretty full right now. We're in the middle of a major platform upgrade, and frankly, data processing isn't exactly top of mind. What exactly is this DeepData AI you're mentioning?

SELLER: I understand completely, platform upgrades can be demanding. DeepData AI is a solution that streamlines and accelerates the processing of complex customer interaction data. Many of our clients use it to analyze user behavior across their digital experiences, identify patterns that lead to higher conversions, and even personalize content in real-time, which seems to align with what Acquia offers. We've seen clients reduce processing times by up to 70%.

BUYER: 70% reduction? That's a strong claim. We're currently using a combination of our in-house tools and some established cloud providers for our data analysis. What kind of integration effort are we talking about with your solution? We don't have the bandwidth for a massive overhaul.

SELLER: That's a fair question. We've designed DeepData AI for minimal disruption. Our typical integration takes a matter of weeks, not months, and it's designed to work alongside your existing infrastructure, not replace it entirely. We focus on connecting to your data sources and then providing you with that accelerated processing and enhanced analytical capabilities. It’s about augmenting what you already have.

BUYER: ""Weeks"" can still feel like a long time when you're already under pressure. And frankly, the cost implications for something like this are significant. We're constantly evaluating ROI, and while improved data insights are always good, it's hard to justify another significant expenditure right now, especially with the current upgrade consuming so much of our budget.

SELLER: I appreciate you being upfront about the budget. We often find that the efficiency gains and the potential for increased conversion rates through deeper insights actually lead to a quicker and substantial ROI, often paying for itself within the first year. We could explore a quick ROI projection based on some of your current metrics.

BUYER: Alex, I appreciate you trying to understand our situation, but as I mentioned, this is just not a priority for us at this moment. Our focus is entirely on getting this platform upgrade live and stable. We’re extremely busy with that, and adding a new data processing initiative, regardless of its potential, would pull resources away from our critical path. We'll have to pass on exploring this further for now.",Neutral,Failure
